Count,639
Q1,234.5
Q3,750.0
Min,95
Sum,426712
Median,366
IQR,515.5
Range,6299
Mode,[223]
Variance,600685.2915916642
Mean,667.7809076682316
Max,6394
StdDev,775.6460562575493
